{
  "prepare_queue": {
    "installed": [],
    "uninstalled": []
  },
  "config_munge": {
    "files": {
      "res/xml/config.xml": {
        "parents": {
          "/*": [
            {
              "xml": "<feature name=\"Whitelist\"><param name=\"android-package\" value=\"org.apache.cordova.whitelist.WhitelistPlugin\" /><param name=\"onload\" value=\"true\" /></feature>",
              "count": 1
            },
            {
              "xml": "<feature name=\"Device\"><param name=\"android-package\" value=\"org.apache.cordova.device.Device\" /></feature>",
              "count": 1
            },
            {
              "xml": "<feature name=\"SplashScreen\"><param name=\"android-package\" value=\"org.apache.cordova.splashscreen.SplashScreen\" /><param name=\"onload\" value=\"true\" /></feature>",
              "count": 1
            },
            {
              "xml": "<feature name=\"PushNotification\"><param name=\"android-package\" value=\"com.adobe.phonegap.push.PushPlugin\" /></feature>",
              "count": 1
            }
          ]
        }
      },
      "config.xml": {
        "parents": {
          "/*": [
            {
              "xml": "<allow-navigation href=\"http://localhost:8080/*\" />",
              "count": 1
            },
            {
              "xml": "<preference name=\"webView\" value=\"com.ionicframework.cordova.webview.IonicWebViewEngine\" />",
              "count": 1
            },
            {
              "xml": "<feature name=\"IonicWebView\"><param name=\"android-package\" value=\"com.ionicframework.cordova.webview.IonicWebView\" /></feature>",
              "count": 1
            },
            {
              "xml": "<feature name=\"Keyboard\"><param name=\"android-package\" onload=\"true\" value=\"io.ionic.keyboard.IonicKeyboard\" /></feature>",
              "count": 1
            }
          ]
        }
      },
      "AndroidManifest.xml": {
        "parents": {
          "/manifest": [
            {
              "xml": "<uses-permission android:name=\"android.permission.INTERNET\" />",
              "count": 1
            },
            {
              "xml": "<uses-permission android:name=\"android.permission.ACCESS_NETWORK_STATE\" />",
              "count": 1
            },
            {
              "xml": "<uses-permission android:name=\"android.permission.WAKE_LOCK\" />",
              "count": 1
            },
            {
              "xml": "<uses-permission android:name=\"android.permission.VIBRATE\" />",
              "count": 1
            }
          ],
          "/manifest/application": [
            {
              "xml": "<activity android:exported=\"true\" android:name=\"com.adobe.phonegap.push.PushHandlerActivity\" android:permission=\"${applicationId}.permission.PushHandlerActivity\" />",
              "count": 1
            },
            {
              "xml": "<receiver android:name=\"com.adobe.phonegap.push.BackgroundActionButtonHandler\" />",
              "count": 1
            },
            {
              "xml": "<receiver android:name=\"com.adobe.phonegap.push.PushDismissedHandler\" />",
              "count": 1
            },
            {
              "xml": "<service android:name=\"com.adobe.phonegap.push.FCMService\"><intent-filter><action android:name=\"com.google.firebase.MESSAGING_EVENT\" /></intent-filter></service>",
              "count": 1
            },
            {
              "xml": "<service android:name=\"com.adobe.phonegap.push.PushInstanceIDListenerService\"><intent-filter><action android:name=\"com.google.firebase.INSTANCE_ID_EVENT\" /></intent-filter></service>",
              "count": 1
            }
          ]
        }
      }
    }
  },
  "installed_plugins": {
    "cordova-plugin-whitelist": {
      "PACKAGE_NAME": "io.ionic.starter"
    },
    "cordova-plugin-device": {
      "PACKAGE_NAME": "io.ionic.starter"
    },
    "cordova-plugin-splashscreen": {
      "PACKAGE_NAME": "io.ionic.starter"
    },
    "cordova-plugin-ionic-webview": {
      "PACKAGE_NAME": "io.ionic.starter"
    },
    "cordova-plugin-ionic-keyboard": {
      "PACKAGE_NAME": "io.ionic.starter"
    },
    "phonegap-plugin-push": {
      "FCM_VERSION": "11.6.2",
      "PACKAGE_NAME": "io.ionic.starter"
    }
  },
  "dependent_plugins": {},
  "modules": [
    {
      "id": "cordova-plugin-device.device",
      "file": "plugins/cordova-plugin-device/www/device.js",
      "pluginId": "cordova-plugin-device",
      "clobbers": [
        "device"
      ]
    },
    {
      "id": "cordova-plugin-splashscreen.SplashScreen",
      "file": "plugins/cordova-plugin-splashscreen/www/splashscreen.js",
      "pluginId": "cordova-plugin-splashscreen",
      "clobbers": [
        "navigator.splashscreen"
      ]
    },
    {
      "id": "cordova-plugin-ionic-webview.IonicWebView",
      "file": "plugins/cordova-plugin-ionic-webview/src/www/util.js",
      "pluginId": "cordova-plugin-ionic-webview",
      "clobbers": [
        "Ionic.WebView"
      ]
    },
    {
      "id": "cordova-plugin-ionic-keyboard.keyboard",
      "file": "plugins/cordova-plugin-ionic-keyboard/www/android/keyboard.js",
      "pluginId": "cordova-plugin-ionic-keyboard",
      "clobbers": [
        "window.Keyboard"
      ]
    },
    {
      "id": "phonegap-plugin-push.PushNotification",
      "file": "plugins/phonegap-plugin-push/www/push.js",
      "pluginId": "phonegap-plugin-push",
      "clobbers": [
        "PushNotification"
      ]
    }
  ],
  "plugin_metadata": {
    "cordova-plugin-whitelist": "1.3.3",
    "cordova-plugin-device": "2.0.2",
    "cordova-plugin-splashscreen": "5.0.2",
    "cordova-plugin-ionic-webview": "2.1.0",
    "cordova-plugin-ionic-keyboard": "2.1.2",
    "phonegap-plugin-push": "2.1.3"
  }
}