{
  "project_info": {
    "project_number": "480906454949",
    "firebase_url": "https://bagcart-6e71a.firebaseio.com",
    "project_id": "bagcart-6e71a",
    "storage_bucket": "bagcart-6e71a.appspot.com"
  },
  "client": [
    {
      "client_info": {
        "mobilesdk_app_id": "1:480906454949:android:2f868ff0c98cb31b",
        "android_client_info": {
          "package_name": "com.testapp.myapp"
        }
      },
      "oauth_client": [
        {
          "client_id": "480906454949-6o1trg4qvgh3ttus90eiru9v9349vbgc.apps.googleusercontent.com",
          "client_type": 3
        }
      ],
      "api_key": [
        {
          "current_key": "AIzaSyDuF0hO78bAuLyFQ_q7tZ8kkcSYpRRz_50"
        }
      ],
      "services": {
        "analytics_service": {
          "status": 1
        },
        "appinvite_service": {
          "status": 1,
          "other_platform_oauth_client": []
        },
        "ads_service": {
          "status": 2
        }
      }
    }
  ],
  "configuration_version": "1"
}